LSTM,Bi LSTM,GRU
0.9808266758918762,0.979973316192627,0.9864266514778137
0.8514400124549866,0.8600000143051147,0.8694400191307068
